rbl;station;linie;richtung;geplant;tatsaechlich;countdown;timestamp_abruf
4103;Keplerplatz;U1;LEOPOLDAU        ;2026-02-12T17:39:35.000+0100;2026-02-12T17:39:35.000+0100;0;2026-02-12T17:39:49.205910
4107;Taubstummengasse;U1;LEOPOLDAU;2026-02-12T17:39:45.000+0100;2026-02-12T17:39:45.000+0100;0;2026-02-12T17:39:49.205919
4115;Nestroyplatz;U1;LEOPOLDAU;2026-02-12T17:40:35.000+0100;2026-02-12T17:40:35.000+0100;1;2026-02-12T17:39:49.205928
4111;Stephansplatz;U1;LEOPOLDAU     ;2026-02-12T17:40:35.000+0100;2026-02-12T17:40:35.000+0100;1;2026-02-12T17:39:49.205938
4105;Südtiroler Platz;U1;LEOPOLDAU        ;2026-02-12T17:41:35.000+0100;2026-02-12T17:41:35.000+0100;2;2026-02-12T17:39:49.205947
4117;Praterstern;U1;LEOPOLDAU;2026-02-12T17:41:35.000+0100;2026-02-12T17:41:35.000+0100;2;2026-02-12T17:39:49.205957
4121;Donauinsel;U1;LEOPOLDAU        ;2026-02-12T17:41:35.000+0100;2026-02-12T17:41:35.000+0100;2;2026-02-12T17:39:49.205967
4101;Reumannplatz;U1;LEOPOLDAU;2026-02-12T17:40:35.000+0100;2026-02-12T17:40:35.000+0100;1;2026-02-12T17:39:49.205980
4109;Karlsplatz;U1;LEOPOLDAU;2026-02-12T17:41:35.000+0100;2026-02-12T17:41:35.000+0100;2;2026-02-12T17:39:49.205990
4113;Schwedenplatz;U1;LEOPOLDAU     ;2026-02-12T17:41:45.000+0100;2026-02-12T17:41:45.000+0100;2;2026-02-12T17:39:49.205999
4119;Vorgartenstraße;U1;LEOPOLDAU        ;2026-02-12T17:39:35.000+0100;2026-02-12T17:39:35.000+0100;0;2026-02-12T17:39:49.206008
4118;Stephansplatz;U1;ALAUDAGASSE;2026-02-12T17:39:35.000+0100;2026-02-12T17:39:35.000+0100;0;2026-02-12T17:39:49.206018
4104;Alte Donau;U1;OBERLAA          ;2026-02-12T17:42:35.000+0100;2026-02-12T17:42:35.000+0100;3;2026-02-12T17:39:49.206029
4114;Nestroyplatz;U1;OBERLAA          ;2026-02-12T17:42:35.000+0100;2026-02-12T17:42:35.000+0100;3;2026-02-12T17:39:49.206039
4102;Kagran;U1;OBERLAA          ;2026-02-12T17:39:35.000+0100;2026-02-12T17:39:35.000+0100;0;2026-02-12T17:39:49.206048
4110;Vorgartenstraße;U1;ALAUDAGASSE      ;2026-02-12T17:42:35.000+0100;2026-02-12T17:42:35.000+0100;3;2026-02-12T17:39:49.206057
4106;Kaisermühlen-VIC;U1;OBERLAA          ;2026-02-12T17:43:35.000+0100;2026-02-12T17:43:35.000+0100;4;2026-02-12T17:39:49.206067
4120;Karlsplatz;U1;OBERLAA       ;2026-02-12T17:39:35.000+0100;2026-02-12T17:39:35.000+0100;0;2026-02-12T17:39:49.206076
4116;Schwedenplatz;U1;OBERLAA       ;2026-02-12T17:43:35.000+0100;2026-02-12T17:43:35.000+0100;4;2026-02-12T17:39:49.206085
4108;Donauinsel;U1;ALAUDAGASSE      ;2026-02-12T17:39:35.000+0100;2026-02-12T17:39:35.000+0100;0;2026-02-12T17:39:49.206094
4112;Praterstern;U1;OBERLAA       ;2026-02-12T17:40:35.000+0100;2026-02-12T17:40:35.000+0100;1;2026-02-12T17:39:49.206104
4182;Rennbahnweg;U1;LEOPOLDAU        ;2026-02-12T17:43:45.000+0100;2026-02-12T17:43:45.000+0100;4;2026-02-12T17:39:50.249047
4134;Oberlaa;U1;LEOPOLDAU        ;2026-02-12T17:39:45.000+0100;2026-02-12T17:39:45.000+0100;0;2026-02-12T17:39:50.249074
4125;Alte Donau;U1;LEOPOLDAU        ;2026-02-12T17:41:45.000+0100;2026-02-12T17:41:45.000+0100;2;2026-02-12T17:39:50.249085
4136;Alaudagasse;U1;LEOPOLDAU;2026-02-12T17:39:45.000+0100;2026-02-12T17:39:45.000+0100;0;2026-02-12T17:39:50.249094
4138;Troststraße;U1;LEOPOLDAU;2026-02-12T17:42:45.000+0100;2026-02-12T17:42:45.000+0100;3;2026-02-12T17:39:50.249103
4183;Aderklaaer Straße;U1;LEOPOLDAU;2026-02-12T17:40:45.000+0100;2026-02-12T17:40:45.000+0100;1;2026-02-12T17:39:50.249112
4181;Kagraner Platz;U1;LEOPOLDAU        ;2026-02-12T17:42:45.000+0100;2026-02-12T17:42:45.000+0100;3;2026-02-12T17:39:50.249120
4135;Neulaa;U1;LEOPOLDAU        ;2026-02-12T17:41:45.000+0100;2026-02-12T17:41:45.000+0100;2;2026-02-12T17:39:50.249128
4123;Kaisermühlen-VIC;U1;LEOPOLDAU        ;2026-02-12T17:39:45.000+0100;2026-02-12T17:39:45.000+0100;0;2026-02-12T17:39:50.249137
4127;Kagran;U1;LEOPOLDAU        ;2026-02-12T17:40:45.000+0100;2026-02-12T17:40:45.000+0100;1;2026-02-12T17:39:50.249145
4137;Altes Landgut;U1;LEOPOLDAU;2026-02-12T17:41:45.000+0100;2026-02-12T17:41:45.000+0100;2;2026-02-12T17:39:50.249153
4184;Großfeldsiedlung;U1;LEOPOLDAU        ;2026-02-12T17:39:45.000+0100;2026-02-12T17:39:45.000+0100;0;2026-02-12T17:39:50.249160
4190;Leopoldau;U1;ALAUDAGASSE;2026-02-12T17:40:45.000+0100;2026-02-12T17:40:45.000+0100;1;2026-02-12T17:39:50.249168
4129;Troststraße;U1;OBERLAA          ;2026-02-12T17:41:45.000+0100;2026-02-12T17:41:45.000+0100;2;2026-02-12T17:39:50.249177
4188;Aderklaaer Straße;U1;OBERLAA          ;2026-02-12T17:40:45.000+0100;2026-02-12T17:40:45.000+0100;1;2026-02-12T17:39:50.249185
4122;Taubstummengasse;U1;OBERLAA          ;2026-02-12T17:41:45.000+0100;2026-02-12T17:41:45.000+0100;2;2026-02-12T17:39:50.249192
4126;Keplerplatz;U1;ALAUDAGASSE;2026-02-12T17:41:45.000+0100;2026-02-12T17:41:45.000+0100;2;2026-02-12T17:39:50.249200
4187;Rennbahnweg;U1;ALAUDAGASSE;2026-02-12T17:39:45.000+0100;2026-02-12T17:39:45.000+0100;0;2026-02-12T17:39:50.249208
4189;Großfeldsiedlung;U1;ALAUDAGASSE;2026-02-12T17:42:45.000+0100;2026-02-12T17:42:45.000+0100;3;2026-02-12T17:39:50.249216
4130;Altes Landgut;U1;OBERLAA          ;2026-02-12T17:42:45.000+0100;2026-02-12T17:42:45.000+0100;3;2026-02-12T17:39:50.249224
4128;Reumannplatz;U1;OBERLAA          ;2026-02-12T17:39:45.000+0100;2026-02-12T17:39:45.000+0100;0;2026-02-12T17:39:50.249231
4124;Südtiroler Platz;U1;ALAUDAGASSE;2026-02-12T17:39:45.000+0100;2026-02-12T17:39:45.000+0100;0;2026-02-12T17:39:50.249239
4186;Kagraner Platz;U1;ALAUDAGASSE;2026-02-12T17:41:45.000+0100;2026-02-12T17:41:45.000+0100;2;2026-02-12T17:39:50.249247
4131;Alaudagasse;U1;Oberlaa;2026-02-12T17:43:00.000+0100;;3;2026-02-12T17:39:50.249254
4132;Neulaa;U1;OBERLAA          ;2026-02-12T17:45:45.000+0100;2026-02-12T17:45:45.000+0100;6;2026-02-12T17:39:50.249263
4203;Schottentor;U2;KARLSPLATZ       ;2026-02-12T17:40:45.000+0100;2026-02-12T17:40:45.000+0100;1;2026-02-12T17:39:50.249271
4257;Stadion;U2;KARLSPLATZ       ;2026-02-12T17:43:45.000+0100;2026-02-12T17:43:45.000+0100;4;2026-02-12T17:39:50.249278
4260;Praterstern;U2;KARLSPLATZ    ;2026-02-12T17:39:45.000+0100;2026-02-12T17:39:45.000+0100;0;2026-02-12T17:39:50.249286
4252;Donauspital;U2;KARLSPLATZ       ;2026-02-12T17:40:45.000+0100;2026-02-12T17:40:45.000+0100;1;2026-02-12T17:39:50.249294
4256;Donaustadtbrücke;U2;KARLSPLATZ       ;2026-02-12T17:39:45.000+0100;2026-02-12T17:39:45.000+0100;0;2026-02-12T17:39:50.249301
4211;Museumsquartier;U2;KARLSPLATZ       ;2026-02-12T17:41:45.000+0100;2026-02-12T17:41:45.000+0100;2;2026-02-12T17:39:50.249309
4258;Krieau;U2;KARLSPLATZ       ;2026-02-12T17:40:45.000+0100;2026-02-12T17:40:45.000+0100;1;2026-02-12T17:39:50.249317
4277;Seestadt;U2;KARLSPLATZ       ;2026-02-12T17:39:45.000+0100;2026-02-12T17:39:45.000+0100;0;2026-02-12T17:39:50.249324
4279;Hausfeldstraße;U2;KARLSPLATZ       ;2026-02-12T17:41:45.000+0100;2026-02-12T17:41:45.000+0100;2;2026-02-12T17:39:50.249332
4253;Hardeggasse;U2;KARLSPLATZ       ;2026-02-12T17:41:45.000+0100;2026-02-12T17:41:45.000+0100;2;2026-02-12T17:39:50.249340
4261;Taborstraße;U2;KARLSPLATZ       ;2026-02-12T17:41:45.000+0100;2026-02-12T17:41:45.000+0100;2;2026-02-12T17:39:50.249349
4205;Rathaus;U2;KARLSPLATZ       ;2026-02-12T17:42:45.000+0100;2026-02-12T17:42:45.000+0100;3;2026-02-12T17:39:50.249356
4255;Donaumarina;U2;KARLSPLATZ       ;2026-02-12T17:41:45.000+0100;2026-02-12T17:41:45.000+0100;2;2026-02-12T17:39:50.249364
4280;Lina-Loos-Platz;U2;KARLSPLATZ       ;2026-02-12T17:42:45.000+0100;2026-02-12T17:42:45.000+0100;3;2026-02-12T17:39:50.249372
4201;Schottenring;U2;KARLSPLATZ    ;2026-02-12T17:43:45.000+0100;2026-02-12T17:43:45.000+0100;4;2026-02-12T17:39:50.249380
4254;Stadlau;U2;KARLSPLATZ       ;2026-02-12T17:42:45.000+0100;2026-02-12T17:42:45.000+0100;3;2026-02-12T17:39:50.249388
4259;Messe;U2;KARLSPLATZ       ;2026-02-12T17:41:45.000+0100;2026-02-12T17:41:45.000+0100;2;2026-02-12T17:39:50.249397
4251;Aspernstraße;U2;KARLSPLATZ       ;2026-02-12T17:44:45.000+0100;2026-02-12T17:44:45.000+0100;5;2026-02-12T17:39:50.249405
4278;Aspern Nord;U2;KARLSPLATZ       ;2026-02-12T17:41:45.000+0100;2026-02-12T17:41:45.000+0100;2;2026-02-12T17:39:50.249413
4209;Volkstheater;U2;KARLSPLATZ       ;2026-02-12T17:39:45.000+0100;2026-02-12T17:39:45.000+0100;0;2026-02-12T17:39:50.249421
4267;Donaustadtbrücke;U2;SEESTADT         ;2026-02-12T17:44:45.000+0100;2026-02-12T17:44:45.000+0100;5;2026-02-12T17:39:50.249429
4271;Donauspital;U2;SEESTADT         ;2026-02-12T17:41:45.000+0100;2026-02-12T17:41:45.000+0100;2;2026-02-12T17:39:50.249437
4212;Schottentor;U2;SEESTADT         ;2026-02-12T17:39:45.000+0100;2026-02-12T17:39:45.000+0100;0;2026-02-12T17:39:50.249445
4263;Praterstern;U2;SEESTADT      ;2026-02-12T17:41:45.000+0100;2026-02-12T17:41:45.000+0100;2;2026-02-12T17:39:50.249453
4266;Stadion;U2;SEESTADT         ;2026-02-12T17:41:45.000+0100;2026-02-12T17:41:45.000+0100;2;2026-02-12T17:39:50.249461
4206;Volkstheater;U2;SEESTADT         ;2026-02-12T17:39:45.000+0100;2026-02-12T17:39:45.000+0100;0;2026-02-12T17:39:50.249469
4202;Karlsplatz;U2;SEESTADT      ;2026-02-12T17:40:45.000+0100;2026-02-12T17:40:45.000+0100;1;2026-02-12T17:39:50.249477
4272;Aspernstraße;U2;SEESTADT         ;2026-02-12T17:42:45.000+0100;2026-02-12T17:42:45.000+0100;3;2026-02-12T17:39:50.249485
4275;Aspern Nord;U2;SEESTADT         ;2026-02-12T17:44:45.000+0100;2026-02-12T17:44:45.000+0100;5;2026-02-12T17:39:50.249493
4214;Schottenring;U2;SEESTADT      ;2026-02-12T17:41:45.000+0100;2026-02-12T17:41:45.000+0100;2;2026-02-12T17:39:50.249501
4264;Messe;U2;SEESTADT         ;2026-02-12T17:43:45.000+0100;2026-02-12T17:43:45.000+0100;4;2026-02-12T17:39:50.249509
4269;Stadlau;U2;SEESTADT         ;2026-02-12T17:40:45.000+0100;2026-02-12T17:40:45.000+0100;1;2026-02-12T17:39:50.249517
4210;Rathaus;U2;SEESTADT         ;2026-02-12T17:41:45.000+0100;2026-02-12T17:41:45.000+0100;2;2026-02-12T17:39:50.249525
4268;Donaumarina;U2;SEESTADT         ;2026-02-12T17:43:45.000+0100;2026-02-12T17:43:45.000+0100;4;2026-02-12T17:39:50.249533
4273;Lina-Loos-Platz;U2;SEESTADT         ;2026-02-12T17:39:45.000+0100;2026-02-12T17:39:45.000+0100;0;2026-02-12T17:39:50.249541
4262;Taborstraße;U2;SEESTADT         ;2026-02-12T17:39:45.000+0100;2026-02-12T17:39:45.000+0100;0;2026-02-12T17:39:50.249549
4270;Hardeggasse;U2;SEESTADT         ;2026-02-12T17:39:45.000+0100;2026-02-12T17:39:45.000+0100;0;2026-02-12T17:39:50.249556
4204;Museumsquartier;U2;SEESTADT         ;2026-02-12T17:42:45.000+0100;2026-02-12T17:42:45.000+0100;3;2026-02-12T17:39:50.249564
4265;Krieau;U2;SEESTADT         ;2026-02-12T17:40:45.000+0100;2026-02-12T17:40:45.000+0100;1;2026-02-12T17:39:50.249572
4274;Hausfeldstraße;U2;SEESTADT         ;2026-02-12T17:41:45.000+0100;2026-02-12T17:41:45.000+0100;2;2026-02-12T17:39:50.249580
4401;Hütteldorf;U4;HEILIGENSTADT;2026-02-12T17:39:45.000+0100;2026-02-12T17:39:45.000+0100;0;2026-02-12T17:39:50.249592
4403;Ober St. Veit;U4;HEILIGENSTADT;2026-02-12T17:41:45.000+0100;2026-02-12T17:41:45.000+0100;2;2026-02-12T17:39:50.249599
4405;Unter St. Veit;U4;HEILIGENSTADT;2026-02-12T17:43:45.000+0100;2026-02-12T17:43:45.000+0100;4;2026-02-12T17:39:50.249606
4407;Braunschweiggasse;U4;HEILIGENSTADT;2026-02-12T17:44:45.000+0100;2026-02-12T17:44:45.000+0100;5;2026-02-12T17:39:50.249612
4409;Hietzing;U4;HEILIGENSTADT    ;2026-02-12T17:39:45.000+0100;2026-02-12T17:39:45.000+0100;0;2026-02-12T17:39:50.249620
4411;Schönbrunn;U4;HEILIGENSTADT    ;2026-02-12T17:39:45.000+0100;2026-02-12T17:39:45.000+0100;0;2026-02-12T17:39:50.249628
4413;Meidling, Hauptstraße;U4;HEILIGENSTADT    ;2026-02-12T17:41:45.000+0100;2026-02-12T17:41:45.000+0100;2;2026-02-12T17:39:50.249636
4415;Margaretengürtel;U4;HEILIGENSTADT    ;2026-02-12T17:44:45.000+0100;2026-02-12T17:44:45.000+0100;5;2026-02-12T17:39:50.249644
4417;Pilgramgasse;U4;HEILIGENSTADT    ;2026-02-12T17:40:45.000+0100;2026-02-12T17:40:45.000+0100;1;2026-02-12T17:39:50.249651
4419;Kettenbrückengasse;U4;HEILIGENSTADT    ;2026-02-12T17:41:45.000+0100;2026-02-12T17:41:45.000+0100;2;2026-02-12T17:39:50.249658
4421;Karlsplatz;U4;HEILIGENSTADT ;2026-02-12T17:40:45.000+0100;2026-02-12T17:40:45.000+0100;1;2026-02-12T17:39:50.249664
4423;Stadtpark;U4;HEILIGENSTADT;2026-02-12T17:39:45.000+0100;2026-02-12T17:39:45.000+0100;0;2026-02-12T17:39:50.249671
4425;Landstraße;U4;HEILIGENSTADT;2026-02-12T17:41:45.000+0100;2026-02-12T17:41:45.000+0100;2;2026-02-12T17:39:50.249681
4427;Schwedenplatz;U4;HEILIGENSTADT;2026-02-12T17:43:45.000+0100;2026-02-12T17:43:45.000+0100;4;2026-02-12T17:39:50.249688
4429;Schottenring;U4;HEILIGENSTADT;2026-02-12T17:39:45.000+0100;2026-02-12T17:39:45.000+0100;0;2026-02-12T17:39:50.249695
4428;Hietzing;U4;HÜTTELDORF       ;2026-02-12T17:40:45.000+0100;2026-02-12T17:40:45.000+0100;1;2026-02-12T17:39:50.249702
4426;Schönbrunn;U4;HÜTTELDORF;2026-02-12T17:40:45.000+0100;2026-02-12T17:40:45.000+0100;1;2026-02-12T17:39:50.249709
4424;Meidling Hauptstraße;U4;HÜTTELDORF       ;2026-02-12T17:45:45.000+0100;2026-02-12T17:45:45.000+0100;6;2026-02-12T17:39:50.249716
4422;Margaretengürtel;U4;HÜTTELDORF       ;2026-02-12T17:43:45.000+0100;2026-02-12T17:43:45.000+0100;4;2026-02-12T17:39:50.249722
4420;Pilgramgasse;U4;HÜTTELDORF       ;2026-02-12T17:41:45.000+0100;2026-02-12T17:41:45.000+0100;2;2026-02-12T17:39:50.249730
4418;Kettenbrückengasse;U4;HÜTTELDORF       ;2026-02-12T17:39:45.000+0100;2026-02-12T17:39:45.000+0100;0;2026-02-12T17:39:50.249736
4416;Karlsplatz;U4;HÜTTELDORF;2026-02-12T17:41:45.000+0100;2026-02-12T17:41:45.000+0100;2;2026-02-12T17:39:50.249743
4414;Stadtpark;U4;HÜTTELDORF;2026-02-12T17:39:45.000+0100;2026-02-12T17:39:45.000+0100;0;2026-02-12T17:39:50.249750
4412;Landstraße;U4;HÜTTELDORF;2026-02-12T17:42:45.000+0100;2026-02-12T17:42:45.000+0100;3;2026-02-12T17:39:50.249757
4410;Schwedenplatz;U4;HÜTTELDORF;2026-02-12T17:39:45.000+0100;2026-02-12T17:39:45.000+0100;0;2026-02-12T17:39:50.249764
4408;Schottenring;U4;HÜTTELDORF;2026-02-12T17:41:45.000+0100;2026-02-12T17:41:45.000+0100;2;2026-02-12T17:39:50.249771
4406;Roßauer Lände;U4;HÜTTELDORF;2026-02-12T17:39:45.000+0100;2026-02-12T17:39:45.000+0100;0;2026-02-12T17:39:50.249777
4404;Friedensbrücke;U4;HÜTTELDORF       ;2026-02-12T17:43:45.000+0100;2026-02-12T17:43:45.000+0100;4;2026-02-12T17:39:50.249784
4402;Heiligenstadt;U4;HÜTTELDORF       ;2026-02-12T17:42:45.000+0100;2026-02-12T17:42:45.000+0100;3;2026-02-12T17:39:50.249792
4615;Bahnhof Meidling;U6;FLORIDSDORF;2026-02-12T17:39:45.000+0100;2026-02-12T17:39:45.000+0100;0;2026-02-12T17:39:51.752716
4635;Siebenhirten;U6;FLORIDSDORF;2026-02-12T17:39:45.000+0100;2026-02-12T17:39:45.000+0100;0;2026-02-12T17:39:51.752730
4624;Michelbeuern - AKH;U6;FLORIDSDORF;2026-02-12T17:40:45.000+0100;2026-02-12T17:40:45.000+0100;1;2026-02-12T17:39:51.752745
4622;Josefstädter Straße;U6;FLORIDSDORF;2026-02-12T17:39:45.000+0100;2026-02-12T17:39:45.000+0100;0;2026-02-12T17:39:51.752760
4644;Neue Donau;U6;FLORIDSDORF;2026-02-12T17:40:45.000+0100;2026-02-12T17:40:45.000+0100;1;2026-02-12T17:39:51.753000
4620;Burggasse - Stadthalle;U6;FLORIDSDORF;2026-02-12T17:41:45.000+0100;2026-02-12T17:41:45.000+0100;2;2026-02-12T17:39:51.753017
4642;Dresdner Straße;U6;FLORIDSDORF;2026-02-12T17:45:45.000+0100;2026-02-12T17:45:45.000+0100;6;2026-02-12T17:39:51.753029
4618;Gumpendorfer Straße;U6;FLORIDSDORF;2026-02-12T17:40:45.000+0100;2026-02-12T17:40:45.000+0100;1;2026-02-12T17:39:51.753042
4638;Alterlaa;U6;FLORIDSDORF;2026-02-12T17:41:45.000+0100;2026-02-12T17:41:45.000+0100;2;2026-02-12T17:39:51.753057
4627;Spittelau;U6;FLORIDSDORF;2026-02-12T17:42:45.000+0100;2026-02-12T17:42:45.000+0100;3;2026-02-12T17:39:51.753068
4640;Tscherttegasse;U6;FLORIDSDORF;2026-02-12T17:40:45.000+0100;2026-02-12T17:40:45.000+0100;1;2026-02-12T17:39:51.753093
4616;Niederhofstraße;U6;FLORIDSDORF;2026-02-12T17:41:45.000+0100;2026-02-12T17:41:45.000+0100;2;2026-02-12T17:39:51.753104
4636;Perfektastraße;U6;FLORIDSDORF;2026-02-12T17:41:45.000+0100;2026-02-12T17:41:45.000+0100;2;2026-02-12T17:39:51.753114
4625;Währinger Straße - Volksoper;U6;FLORIDSDORF;2026-02-12T17:42:45.000+0100;2026-02-12T17:42:45.000+0100;3;2026-02-12T17:39:51.753125
4623;Alser Straße;U6;FLORIDSDORF;2026-02-12T17:41:45.000+0100;2026-02-12T17:41:45.000+0100;2;2026-02-12T17:39:51.753135
4621;Thaliastraße;U6;FLORIDSDORF;2026-02-12T17:43:45.000+0100;2026-02-12T17:43:45.000+0100;4;2026-02-12T17:39:51.753166
4643;Handelskai;U6;FLORIDSDORF;2026-02-12T17:40:45.000+0100;2026-02-12T17:40:45.000+0100;1;2026-02-12T17:39:51.753176
4619;Westbahnhof;U6;FLORIDSDORF;2026-02-12T17:39:45.000+0100;2026-02-12T17:39:45.000+0100;0;2026-02-12T17:39:51.753186
4641;Jägerstraße;U6;FLORIDSDORF;2026-02-12T17:43:45.000+0100;2026-02-12T17:43:45.000+0100;4;2026-02-12T17:39:51.753196
4617;Längenfeldgasse;U6;FLORIDSDORF;2026-02-12T17:43:45.000+0100;2026-02-12T17:43:45.000+0100;4;2026-02-12T17:39:51.753206
4637;Erlaaer Straße;U6;FLORIDSDORF;2026-02-12T17:39:45.000+0100;2026-02-12T17:39:45.000+0100;0;2026-02-12T17:39:51.753215
4626;Nußdorfer Straße;U6;FLORIDSDORF;2026-02-12T17:40:45.000+0100;2026-02-12T17:40:45.000+0100;1;2026-02-12T17:39:51.753225
4639;Am Schöpfwerk;U6;FLORIDSDORF;2026-02-12T17:43:45.000+0100;2026-02-12T17:43:45.000+0100;4;2026-02-12T17:39:51.753235
4604;Währinger Straße - Volksoper;U6;SIEBENHIRTEN;2026-02-12T17:40:45.000+0100;2026-02-12T17:40:45.000+0100;1;2026-02-12T17:39:51.753244
4613;Niederhofstraße;U6;SIEBENHIRTEN;2026-02-12T17:41:45.000+0100;2026-02-12T17:41:45.000+0100;2;2026-02-12T17:39:51.753254
4633;Perfektastraße;U6;SIEBENHIRTEN;2026-02-12T17:41:45.000+0100;2026-02-12T17:41:45.000+0100;2;2026-02-12T17:39:51.753264
4651;Spittelau;U6;SIEBENHIRTEN;2026-02-12T17:39:45.000+0100;2026-02-12T17:39:45.000+0100;0;2026-02-12T17:39:51.753273
4611;Gumpendorfer Straße;U6;SIEBENHIRTEN;2026-02-12T17:40:45.000+0100;2026-02-12T17:40:45.000+0100;1;2026-02-12T17:39:51.753283
4631;Alterlaa;U6;SIEBENHIRTEN;2026-02-12T17:40:45.000+0100;2026-02-12T17:40:45.000+0100;1;2026-02-12T17:39:51.753293
4649;Dresdner Straße;U6;SIEBENHIRTEN;2026-02-12T17:40:45.000+0100;2026-02-12T17:40:45.000+0100;1;2026-02-12T17:39:51.753302
4609;Burggasse - Stadthalle;U6;SIEBENHIRTEN;2026-02-12T17:41:45.000+0100;2026-02-12T17:41:45.000+0100;2;2026-02-12T17:39:51.753313
4647;Neue Donau;U6;SIEBENHIRTEN;2026-02-12T17:40:45.000+0100;2026-02-12T17:40:45.000+0100;1;2026-02-12T17:39:51.753335
4607;Josefstädter Straße;U6;SIEBENHIRTEN;2026-02-12T17:42:45.000+0100;2026-02-12T17:42:45.000+0100;3;2026-02-12T17:39:51.753343
4605;Michelbeuern - AKH;U6;SIEBENHIRTEN;2026-02-12T17:39:45.000+0100;2026-02-12T17:39:45.000+0100;0;2026-02-12T17:39:51.753355
4614;Bahnhof Meidling;U6;SIEBENHIRTEN;2026-02-12T17:43:45.000+0100;2026-02-12T17:43:45.000+0100;4;2026-02-12T17:39:51.753364
4603;Nußdorfer Straße;U6;SIEBENHIRTEN;2026-02-12T17:41:45.000+0100;2026-02-12T17:41:45.000+0100;2;2026-02-12T17:39:51.753376
4630;Am Schöpfwerk;U6;SIEBENHIRTEN;2026-02-12T17:41:45.000+0100;2026-02-12T17:41:45.000+0100;2;2026-02-12T17:39:51.753386
4612;Längenfeldgasse;U6;SIEBENHIRTEN;2026-02-12T17:39:45.000+0100;2026-02-12T17:39:45.000+0100;0;2026-02-12T17:39:51.753396
4632;Erlaaer Straße;U6;SIEBENHIRTEN;2026-02-12T17:39:45.000+0100;2026-02-12T17:39:45.000+0100;0;2026-02-12T17:39:51.753406
4650;Jägerstraße;U6;SIEBENHIRTEN;2026-02-12T17:42:45.000+0100;2026-02-12T17:42:45.000+0100;3;2026-02-12T17:39:51.753417
4610;Westbahnhof;U6;SIEBENHIRTEN;2026-02-12T17:42:45.000+0100;2026-02-12T17:42:45.000+0100;3;2026-02-12T17:39:51.753427
4648;Handelskai;U6;SIEBENHIRTEN;2026-02-12T17:42:45.000+0100;2026-02-12T17:42:45.000+0100;3;2026-02-12T17:39:51.753438
4608;Thaliastraße;U6;SIEBENHIRTEN;2026-02-12T17:39:45.000+0100;2026-02-12T17:39:45.000+0100;0;2026-02-12T17:39:51.753448
4646;Floridsdorf;U6;SIEBENHIRTEN;2026-02-12T17:41:45.000+0100;2026-02-12T17:41:45.000+0100;2;2026-02-12T17:39:51.753458
4606;Alser Straße;U6;SIEBENHIRTEN;2026-02-12T17:41:45.000+0100;2026-02-12T17:41:45.000+0100;2;2026-02-12T17:39:51.753468
4437;Längenfeldgasse;U4;HEILIGENSTADT ;2026-02-12T17:42:45.000+0100;2026-02-12T17:42:45.000+0100;3;2026-02-12T17:39:51.753479
4431;Roßauer Lände;U4;HEILIGENSTADT;2026-02-12T17:41:45.000+0100;2026-02-12T17:41:45.000+0100;2;2026-02-12T17:39:51.753487
4433;Friedensbrücke;U4;HEILIGENSTADT;2026-02-12T17:43:45.000+0100;2026-02-12T17:43:45.000+0100;4;2026-02-12T17:39:51.753497
4439;Spittelau;U4;HEILIGENSTADT;2026-02-12T17:44:45.000+0100;2026-02-12T17:44:45.000+0100;5;2026-02-12T17:39:51.753505
4434;Ober St. Veit;U4;HÜTTELDORF       ;2026-02-12T17:42:45.000+0100;2026-02-12T17:42:45.000+0100;3;2026-02-12T17:39:51.753515
4432;Unter St. Veit;U4;HÜTTELDORF       ;2026-02-12T17:41:45.000+0100;2026-02-12T17:41:45.000+0100;2;2026-02-12T17:39:51.753524
4430;Braunschweiggasse;U4;HÜTTELDORF       ;2026-02-12T17:39:45.000+0100;2026-02-12T17:39:45.000+0100;0;2026-02-12T17:39:51.753533
4438;Längenfeldgasse;U4;HÜTTELDORF    ;2026-02-12T17:44:45.000+0100;2026-02-12T17:44:45.000+0100;5;2026-02-12T17:39:51.753542
4440;Spittelau;U4;HÜTTELDORF    ;2026-02-12T17:41:45.000+0100;2026-02-12T17:41:45.000+0100;2;2026-02-12T17:39:51.753551
4629;Tscherttegasse;U6;SIEBENHIRTEN;2026-02-12T17:40:45.000+0100;2026-02-12T17:40:45.000+0100;1;2026-02-12T17:39:51.753577
4913;Landstraße;U3;SIMMERING;2026-02-12T17:42:45.000+0100;2026-02-12T17:42:45.000+0100;3;2026-02-12T17:39:52.563639
4931;Ottakring;U3;SIMMERING        ;2026-02-12T17:39:45.000+0100;2026-02-12T17:39:45.000+0100;0;2026-02-12T17:39:52.563649
4927;Schweglerstraße;U3;SIMMERING;2026-02-12T17:41:45.000+0100;2026-02-12T17:41:45.000+0100;2;2026-02-12T17:39:52.563659
4915;Kardinal-Nagl-Platz;U3;SIMMERING;2026-02-12T17:45:45.000+0100;2026-02-12T17:45:45.000+0100;6;2026-02-12T17:39:52.563668
4922;Zieglergasse;U3;SIMMERING        ;2026-02-12T17:39:45.000+0100;2026-02-12T17:39:45.000+0100;0;2026-02-12T17:39:52.563678
4911;Stephansplatz;U3;SIMMERING;2026-02-12T17:39:45.000+0100;2026-02-12T17:39:45.000+0100;0;2026-02-12T17:39:52.563687
4909;Volkstheater;U3;SIMMERING     ;2026-02-12T17:39:45.000+0100;2026-02-12T17:39:45.000+0100;0;2026-02-12T17:39:52.563697
4936;Enkplatz;U3;SIMMERING;2026-02-12T17:41:45.000+0100;2026-02-12T17:41:45.000+0100;2;2026-02-12T17:39:52.563707
4934;Gasometer;U3;SIMMERING;2026-02-12T17:40:45.000+0100;2026-02-12T17:40:45.000+0100;1;2026-02-12T17:39:52.563716
4916;Schlachthausgasse;U3;SIMMERING;2026-02-12T17:46:45.000+0100;2026-02-12T17:46:45.000+0100;7;2026-02-12T17:39:52.563726
4926;Johnstraße;U3;SIMMERING;2026-02-12T17:39:45.000+0100;2026-02-12T17:39:45.000+0100;0;2026-02-12T17:39:52.563735
4914;Rochusgasse;U3;SIMMERING;2026-02-12T17:43:45.000+0100;2026-02-12T17:43:45.000+0100;4;2026-02-12T17:39:52.563746
4923;Neubaugasse;U3;SIMMERING        ;2026-02-12T17:41:45.000+0100;2026-02-12T17:41:45.000+0100;2;2026-02-12T17:39:52.563755
4932;Kendlerstraße;U3;SIMMERING        ;2026-02-12T17:39:45.000+0100;2026-02-12T17:39:45.000+0100;0;2026-02-12T17:39:52.563765
4912;Stubentor;U3;SIMMERING;2026-02-12T17:41:45.000+0100;2026-02-12T17:41:45.000+0100;2;2026-02-12T17:39:52.563775
4921;Westbahnhof;U3;SIMMERING;2026-02-12T17:42:45.000+0100;2026-02-12T17:42:45.000+0100;3;2026-02-12T17:39:52.563784
4935;Zippererstraße;U3;SIMMERING;2026-02-12T17:40:45.000+0100;2026-02-12T17:40:45.000+0100;1;2026-02-12T17:39:52.563794
4910;Herrengasse;U3;SIMMERING        ;2026-02-12T17:39:45.000+0100;2026-02-12T17:39:45.000+0100;0;2026-02-12T17:39:52.563804
4917;Erdberg;U3;SIMMERING;2026-02-12T17:47:45.000+0100;2026-02-12T17:47:45.000+0100;8;2026-02-12T17:39:52.563813
4933;Hütteldorfer Straße;U3;SIMMERING        ;2026-02-12T17:41:45.000+0100;2026-02-12T17:41:45.000+0100;2;2026-02-12T17:39:52.563823
4925;Johnstraße;U3;OTTAKRING        ;2026-02-12T17:41:45.000+0100;2026-02-12T17:41:45.000+0100;2;2026-02-12T17:39:52.563833
4901;Schlachthausgasse;U3;OTTAKRING        ;2026-02-12T17:40:45.000+0100;2026-02-12T17:40:45.000+0100;1;2026-02-12T17:39:52.563843
4941;Gasometer;U3;OTTAKRING;2026-02-12T17:43:45.000+0100;2026-02-12T17:43:45.000+0100;4;2026-02-12T17:39:52.563854
4939;Enkplatz;U3;OTTAKRING;2026-02-12T17:40:45.000+0100;2026-02-12T17:40:45.000+0100;1;2026-02-12T17:39:52.563863
4908;Volkstheater;U3;OTTAKRING     ;2026-02-12T17:41:45.000+0100;2026-02-12T17:41:45.000+0100;2;2026-02-12T17:39:52.563873
4906;Stephansplatz;U3;OTTAKRING;2026-02-12T17:39:45.000+0100;2026-02-12T17:39:45.000+0100;0;2026-02-12T17:39:52.563882
4919;Zieglergasse;U3;OTTAKRING        ;2026-02-12T17:39:45.000+0100;2026-02-12T17:39:45.000+0100;0;2026-02-12T17:39:52.563892
4902;Kardinal-Nagl-Platz;U3;OTTAKRING        ;2026-02-12T17:39:45.000+0100;2026-02-12T17:39:45.000+0100;0;2026-02-12T17:39:52.563901
4924;Schweglerstraße;U3;OTTAKRING        ;2026-02-12T17:39:45.000+0100;2026-02-12T17:39:45.000+0100;0;2026-02-12T17:39:52.563911
4904;Landstraße;U3;OTTAKRING     ;2026-02-12T17:42:45.000+0100;2026-02-12T17:42:45.000+0100;3;2026-02-12T17:39:52.563921
4928;Hütteldorfer Straße;U3;OTTAKRING        ;2026-02-12T17:43:45.000+0100;2026-02-12T17:43:45.000+0100;4;2026-02-12T17:39:52.563931
4907;Herrengasse;U3;OTTAKRING        ;2026-02-12T17:39:45.000+0100;2026-02-12T17:39:45.000+0100;0;2026-02-12T17:39:52.563941
4900;Erdberg;U3;OTTAKRING        ;2026-02-12T17:40:45.000+0100;2026-02-12T17:40:45.000+0100;1;2026-02-12T17:39:52.563951
4940;Zippererstraße;U3;OTTAKRING;2026-02-12T17:41:45.000+0100;2026-02-12T17:41:45.000+0100;2;2026-02-12T17:39:52.563960
4938;Simmering;U3;OTTAKRING        ;2026-02-12T17:40:45.000+0100;2026-02-12T17:40:45.000+0100;1;2026-02-12T17:39:52.563970
4905;Stubentor;U3;OTTAKRING        ;2026-02-12T17:44:45.000+0100;2026-02-12T17:44:45.000+0100;5;2026-02-12T17:39:52.563980
4920;Westbahnhof;U3;OTTAKRING     ;2026-02-12T17:41:45.000+0100;2026-02-12T17:41:45.000+0100;2;2026-02-12T17:39:52.563990
4918;Neubaugasse;U3;OTTAKRING        ;2026-02-12T17:40:45.000+0100;2026-02-12T17:40:45.000+0100;1;2026-02-12T17:39:52.563999
4903;Rochusgasse;U3;OTTAKRING        ;2026-02-12T17:41:45.000+0100;2026-02-12T17:41:45.000+0100;2;2026-02-12T17:39:52.564009
4929;Kendlerstraße;U3;OTTAKRING;2026-02-12T17:39:45.000+0100;2026-02-12T17:39:45.000+0100;0;2026-02-12T17:39:52.564018
